Product ID,Part Number,Product Name,Category,Sub-Category,Compatible Series / Models,Description,Key Features,Unit of Measure,Currency,Price EUR,Price GBP,Image Reference / Alt Text,Catalogue Page,Stock Status,Notes / Expert Tips,Image URL
TS-001,BL15956,Ultimate Seat – CommandARM w/ CommandPRO,Tractor Parts,Seats,6R Series Tractors,"Premium operator seat with dynamic damping system, active climate (ventilation & heating), fully automatic weight adjustment, pneumatic lumbar support, backrest extension, swivel, adjustable cushion and armrest.",Dynamic damping; Active ventilation & seat heating; Fully automatic weight; Pneumatic lumbar; Swivel; Backrest extension; Adjustable cushion,Each,EUR/GBP,–,–,Ultimate seat for 6R Series with CommandARM and CommandPRO | Side view of premium tractor seat,6,In Stock,"Recommended replacement after ~5,000 hrs use",/images/BL15956.jpeg
TS-002,BL16349,Ultimate Seat Leather – CommandARM w/ CommandPRO,Tractor Parts,Seats,6R Series Tractors,"Premium leather Ultimate seat, identical features to BL15956 with luxury leather upholstery.",Leather upholstery; Dynamic damping; Active climate; Fully automatic weight; Pneumatic lumbar,Each,EUR/GBP,–,–,Leather ultimate seat 6R | Front view,6,In Stock,Leather variant,/images/BL16349.jpeg
TS-003,BL15955,Ultimate Seat – CommandARM w/o CommandPRO,Tractor Parts,Seats,6R Series Tractors,Ultimate seat for tractors with CommandARM but without CommandPRO. Full suspension and climate package.,Dynamic damping; Active climate; Fully automatic weight; Pneumatic lumbar; Swivel,Each,EUR/GBP,–,–,Ultimate seat no CommandPRO | Side angle,6,In Stock,,/images/BL15955.jpeg
TS-004,BL16352,Premium Seat – CommandARM w/ CommandPRO,Tractor Parts,Seats,6R Series Tractors,"Premium seat with heavy duty & low frequency suspension, passive climate (seat heating), automatic weight adjustment, pneumatic lumbar, swivel and backrest extension.",Heavy duty suspension; Passive climate seat heating; Automatic weight; Pneumatic lumbar; Swivel; Backrest extension,Each,EUR/GBP,–,–,Premium seat 6R CommandARM CommandPRO | Three-quarter view,6,In Stock,Not for BL15747,/images/BL16352.jpeg
TS-005,BL16171,Standard Seat – w/o CommandARM,Tractor Parts,Seats,6R Series Tractors,"Standard seat without CommandARM. Low frequency, lateral, passive air, fore-and-after suspension. Manual weight, mechanical lumbar, swivel, operator presence switch.",Low frequency suspension; Lateral suspension; Passive air suspension; Fore-and-after suspension; Manual weight; Mechanical lumbar,Each,EUR/GBP,–,–,Standard seat 6R no CommandARM | Straight-on view,6,In Stock,,/images/BL16171.jpeg
TS-006,RE183943,"Seat for 7, 8, 9 Series Tractors (older)",Tractor Parts,Seats,7020; 7030; 8010(T); 8020(T); 8030(T); 9000 (SN 30001-); 9020(T); 9030(T),"Replacement seat with air suspension, side & horizontal suspension, height & weight adjustment, mechanical lumbar, adjustable swivel adapter, armrests with height/tilt adjustment, seat switch.",Air suspension; Side & horizontal suspension; Height & weight adjustment; Mechanical lumbar; Swivel adapter; Seat switch,Each,EUR/GBP,–,–,Older 7/8/9 series seat RE183943 | Padded seat side view,7,In Stock,For older tractor models,/images/RE183943.jpeg
TS-007,TY16163,Seat for 7000 / 7010 Series,Tractor Parts,Seats,7000; 7010,Replacement operator seat for 7000 and 7010 series tractors.,Air suspension; Side suspension; Height & weight adjustment; Mechanical lumbar; Seat switch,Each,EUR/GBP,–,–,Seat TY16163 for 7000 7010 | Compact seat front view,7,In Stock,,/images/TY16163.jpeg
LT-001,RE575338,"LED Work Light 2,100 lm Flood – Rear/Front Cab Roof / Beltline / Rear Fender",Tractor Parts,LED Work Lights,6020; 6030; 6030 Premium; 6MC; 6RC,"Direct-replacement LED flood light, 2,100 effective lumens. White daylight-quality light reduces eyestrain. Replaces existing halogen units.","2,100 eff. lumens; Flood beam; Direct halogen replacement; Daylight-quality white light; Reduces eyestrain",Each,EUR/GBP,–,–,RE575338 LED work light oval shape | Mounted on tractor cab roof,8,In Stock,"Suitable for rear/front cab roof, beltline, rear fender",/images/RE575338.jpeg
LT-002,AL225025,"LED Work Light 1,600 lm Flood – Rear/Front Cab Roof",Tractor Parts,LED Work Lights,6R (side positions),"Direct-replacement 1,600 lm flood LED for 6R tractors, side mounting positions on cab roof.","1,600 eff. lumens; Flood beam; 6R side positions; Daylight white",Each,EUR/GBP,–,–,AL225025 LED work light rectangular | Side mounting position,8,In Stock,,/images/AL225025.jpeg
LT-003,RE331642,"LED Work Light 1,600 lm Flood – Front Cab Roof",Tractor Parts,LED Work Lights,5R Stage IIIB; 7R; 8R(T); 9R(T),"1,600 lm flood LED for front cab roof of 5R, 7R, 8R, 9R tractors.","1,600 eff. lumens; Flood beam; Front cab roof mount",Each,EUR/GBP,–,–,RE331642 LED flood light | Front cab position,8,In Stock,,/images/RE331642.jpeg
LT-004,RE573609,"LED Work Light 1,600 lm Flood – Beltline / Rear Fender",Tractor Parts,LED Work Lights,6R; 7R; 8R; 8R(T); 9R(T),"1,600 lm flood LED for beltline and rear fender positions.","1,600 eff. lumens; Flood beam; Beltline & rear fender",Each,EUR/GBP,–,–,RE573609 LED work light rectangular slim | Rear fender mount,8,In Stock,,/images/RE573609.jpeg
LT-005,RE574752,"LED Work Light 2,200 lm Flood – Cab Roof / Beltline / Rear Fender",Tractor Parts,LED Work Lights,7020; 8020; 8030; 9020; 9030,"2,200 lm high-output flood LED for 7020–9030 series tractors.","2,200 eff. lumens; Flood beam; Multiple mount positions",Each,EUR/GBP,–,–,RE574752 high lumen LED oval | 7020-9030 cab roof,8,In Stock,,/images/RE574752.jpeg
CF-001,BL16516,Category 4 Cab Filtration System – 6R Tractors,Tractor Parts,Cab Filtration,6R Tractors,"Upgrade kit to Category 4 (highest cab protection class). 3-in-1 filter: particle, activated carbon and biofunctional layers. Fresh air rate >30 m³/h, >20 Pa overpressure, >98% efficiency vs aerosols & vapours. Driver may work without PPE per EN 15695.",Category 4 highest protection; >98% filter efficiency; >20 Pa overpressure; 3-layer: particle + activated carbon + biofunctional; EN 15695 compliant,Kit,EUR/GBP,–,–,BL16516 category 4 filtration kit installed on 6R tractor cab | 3-layer filter cross-section diagram,9,In Stock,NEW for 6R tractors. Ideal for spraying operations,
CF-002,BKK11579,Category 4 Cab Filtration System – 5430i / R4040i / R4050i,Sprayer Parts,Cab Filtration,5430i; R4040i; R4050i,Category 4 cab upgrade kit for R40 and R41 Series 40i/50i sprayers.,Category 4; 3-layer filtration; EN 15695; >98% efficiency,Kit,EUR/GBP,–,–,BKK11579 cab filter kit sprayer | Installed view,9,In Stock,,
CF-003,TY27778,Anti-Allergen Cab Fresh Air Filter – 6R,Tractor Parts,Cab Filtration,6R Tractors,Removes >95% of pollutants and allergens. 3-layer filter with activated carbon layer.,3-layer construction; Particle filter; Activated carbon; Biofunctional layer; >95% allergen reduction,Each,EUR/GBP,–,–,TY27778 anti-allergen air filter orange frame | Filter element close-up,9,In Stock,"For mowing, threshing, baling",/images/TY27778.png
CF-004,TY27779,Anti-Allergen Cab Recirculation Air Filter – 6R / 6M / 6030,Tractor Parts,Cab Filtration,6R; 6M; 6030,Recirculation filter with anti-allergen treatment. Works with fresh air filter TY27778.,Anti-allergen; Recirculation; 3-layer; Activated carbon,Each,EUR/GBP,–,–,TY27779 recirculation filter | Flat rectangular filter element,9,In Stock,Also listed for W/T MY14+ and S Series MY15+ combines,/images/TY27779.png
HT-001,AL222036,Manual Wagon Hitch – Cylindrical Pin 30mm – 330mm Rail,Tractor Parts,Hitch Solutions,Tractors with 330 mm inner rail width,Height-adjustable manual wagon hitch with 30 mm cylindrical pin for tractors with 330 mm inner rail width.,Manual operation; 30 mm cylindrical pin; Height-adjustable; 330 mm rail,Each,EUR/GBP,–,–,AL222036 manual wagon hitch green | Side profile,10,In Stock,Hitch pin AL160394 sold separately,/images/AL222036.jpeg
HT-002,BL15936,Automatic Wagon Hitch – Cylindrical Pin 30mm – 390mm Rail,Tractor Parts,Hitch Solutions,Tractors with 390 mm inner rail width,Automatic height-adjustable wagon hitch with 30 mm cylindrical pin for 390 mm rail tractors.,Automatic coupling; 30 mm cylindrical pin; Height-adjustable; 390 mm rail,Each,EUR/GBP,–,–,BL15936 automatic wagon hitch | Three-quarter view,10,In Stock,,/images/BL15936.jpeg
HT-003,BL15959,Piton-Fix Hitch – 330mm Rail,Tractor Parts,Hitch Solutions,Tractors with 330 mm inner rail width,Sturdy height-adjustable Piton-Fix hitch for trailer and implement operations. Max vertical load 3 t.,Piton-Fix coupling; Height-adjustable; 3 t static vertical load; 330 mm rail,Each,EUR/GBP,–,–,BL15959 Piton-Fix hitch green | Mounted view,10,In Stock,,/images/BL15959.jpeg
HT-004,BL15960,Ball-Type Hitch K80 – 330mm Rail,Tractor Parts,Hitch Solutions,Tractors with 330 mm inner rail width,K80 ball-type height-adjustable hitch. Max static vertical load 4 t.,K80 ball; Height-adjustable; 4 t max vertical load; 330 mm rail,Each,EUR/GBP,–,–,BL15960 K80 ball hitch | Ball and coupling detail,10,In Stock,,/images/BL15960.jpeg
HT-005,BL16502,Ball-Type Hitch K80 – 390mm Rail,Tractor Parts,Hitch Solutions,Tractors with 390 mm inner rail width,K80 ball-type height-adjustable hitch for 390 mm rail tractors.,K80 ball; Height-adjustable; 4 t max vertical load; 390 mm rail,Each,EUR/GBP,–,–,BL16502 K80 ball hitch wide rail | Side view,10,In Stock,,/images/BL16502.jpeg
HT-006,BRE10500,3-Point Hitch Greaseable Pins – 7R / 8R,Tractor Parts,Hitch Solutions,7R; 8020(T); 8030(T); 8R(T/X),"Set of greaseable hitch pins (2 pins + 2 balls) to push out dust, eliminate squeaks and maximise service life.",Greaseable design; Eliminates squeaks; Dust resistance; Set of 2 pins & 2 balls,Set,EUR/GBP,–,–,BRE10500 greaseable hitch pins set | Close-up of pin assembly,11,In Stock,Grease at shortest maintenance interval,/images/BRE10500.jpeg
BL-001,BL15083,Pick-Up Weight 900 kg – MFWD,Tractor Parts,Ballasting,Tractors with MFWD only,"Front pick-up weight 900 kg for tractors with mechanical front-wheel drive. Improves stability, steering and fuel efficiency.",900 kg; For MFWD tractors; Improves axle weight distribution; Boosts traction,Each,EUR/GBP,–,–,BL15083 900kg pick-up weight front mounted | Weight on front of tractor,12,In Stock,Optimises fuel consumption and payload,/images/BL15083.jpeg
BL-002,BL15084,"Pick-Up Weight 1,150 kg – MFWD",Tractor Parts,Ballasting,Tractors with MFWD only,"1,150 kg front pick-up weight for MFWD tractors.","1,150 kg; MFWD only; Steel construction; Yellow painted",Each,EUR/GBP,–,–,BL15084 1150kg pick-up weight | Front loader view,12,In Stock,,/images/BL15084.jpeg
BL-003,BL16249,Quick Mount Weight Set 200 kg (2x100 kg),Tractor Parts,Ballasting,6M; 6R (with BL16233 or BL15894 installed),"Quick-mount wheel weight set, 200 kg total (2×100 kg). Requires adapter set BL16233 or BL15894.",200 kg (2 × 100 kg); Quick mount; For 6M and 6R; Requires adapter,Set,EUR/GBP,–,–,BL16249 wheel weight set yellow rings | Wheel with mounted weights,12,In Stock,Flexible field/transport ballasting,/images/BL16249.jpeg
VP-001,AL71345,Lockable Door Handle – 5-9 Series / 6R FT4,Tractor Parts,Vandal Protection,Most 5-9 Series tractors; 6R FT4 (-1L06130RKG866074),Lockable door handle to protect against theft and unauthorised access.,Lockable; Theft deterrent; OEM fit,Each,EUR/GBP,–,–,AL71345 lockable door handle silver | Handle close-up on cab door,13,In Stock,,/images/AL71345.jpeg
VP-002,AL213203,Lockable Fuel Tank Cap Green – Stage IIIB/IV,Tractor Parts,Vandal Protection,5E; 5M; 5R; 6 Series Stage IIIB or Stage IV,Green lockable fuel tank cap to prevent fuel theft and contamination.,Lockable; Green colour; Fuel theft prevention; OEM seal,Each,EUR/GBP,–,–,AL213203 green lockable fuel cap | Cap on tractor fuel tank,13,In Stock,,/images/AL213203.jpeg
VP-003,AL211572,Lockable DEF Tank Cap Blue – 6M / 6R Stage IV,Tractor Parts,Vandal Protection,6M Stage IV; 6R Stage IV,Blue lockable DEF (diesel exhaust fluid) tank cap.,Lockable; Blue DEF identification colour; Prevents contamination,Each,EUR/GBP,–,–,AL211572 blue DEF lockable cap | Blue cap on DEF port,13,In Stock,,/images/AL211572.jpeg
VP-004,BPF11074,Lockable Device for StarFire 6000 Receiver,Tractor Parts,Vandal Protection,All Series,Security lock for StarFire 6000 GPS receiver. Compatible with JD PIN code system.,PIN code system compatible; GPS receiver protection; Universal fit,Each,EUR/GBP,–,–,BPF11074 StarFire receiver lock green | GPS receiver with lock installed,13,In Stock,Protects StarFire 6000 and Universal Display,/images/BPF11074.jpeg
CC-001,BL16675,Mirrors – Electrically Adjustable Heatable – 6R (Both Sides),Tractor Parts,Cab Comfort,6R,"Electrically adjustable and heatable mirrors for 6R tractors, both sides included.",Electrically adjustable; Heatable; Wide angle; Both sides; OEM fitment,Pair,EUR/GBP,–,–,BL16675 heated electric mirrors on 6R | Mirror close-up showing wide angle,15,In Stock,Wide angle for large implements,/images/BL16675.jpeg
CC-002,MCTJHD5561C,Floor Mat Rubber – 6R,Tractor Parts,Cab Comfort,6R,Perfect-fit black rubber floor mat for 6R tractors. Noise-reducing design.,Rubber; Noise-reducing; Custom-fit 6R; Black; Durable,Each,EUR/GBP,–,–,MCTJHD5561C rubber floor mat black | Rolled floor mat,15,In Stock,,/images/MCTJHD5561C.jpeg
CC-003,MCTJHD5561,Floor Mat Carpet – 6R,Tractor Parts,Cab Comfort,6R,Beige carpet floor mat for 6R tractors.,Carpet; Beige; Custom-fit 6R; Noise-reducing,Each,EUR/GBP,–,–,MCTJHD5561 beige carpet floor mat | Mat laid flat,15,In Stock,,/images/MCTJHD5561.jpeg
CC-004,RE275283,Leather Steering Wheel – 5R / 7R / 8R / 9R(X),Tractor Parts,Cab Comfort,5R; 7R; 8R; 9R(X),"Leather-wrapped steering wheel upgrade for 5R, 7R, 8R and 9R(X) tractors.",Leather wrap; Ergonomic grip; Premium feel; Direct replacement,Each,EUR/GBP,–,–,RE275283 leather steering wheel | Wheel on plain background,15,In Stock,,/images/RE275283.jpeg
CC-005,BRE10458,Foot Rests – 7R / 8R(T/X) MY20+,Tractor Parts,Cab Comfort,7R MY20+; 8R(T/X) MY20+,Bolt-in foot rests for MY2020+ 7R and 8R models. Withstands 180 kg force. Use with AutoTrac and swivel seat.,Bolt-in; 180 kg rated; MY20+ fitment; Comfort upgrade; AutoTrac compatible,Each,EUR/GBP,–,–,BRE10458 foot rests installed in cab | Foot pegs extended in cab,14,In Stock,"Direct-fit, no modification needed",/images/BRE10458.jpeg
LP-001,BXX10402,Loader Suspension System – 603R/623R/643R/663R/683R,Tractor Parts,Loader Attachments,603R; 623R; 643R; 663R; 683R,"Active loader suspension system that damps loads protecting tractor and cargo, enhancing driver comfort during loader operations.",Active damping; Protects load & tractor; Increases driver comfort; Loader specific,Kit,EUR/GBP,–,–,BXX10402 loader suspension system | Tractor with loader arm and suspension unit,16,In Stock,Easy upgrade for existing JD loaders,/images/BXX10402.jpeg
LP-002,BCC10339,Hydraulic Implement Unlatching Kit – Euro Carrier,Tractor Parts,Loader Attachments,Loaders with Euro carrier and multicoupler,Unlatch implements from cab via switch. Manual unlatching still available as backup.,Cab-operated unlatching; Euro carrier compatible; Switch control; Manual backup,Kit,EUR/GBP,–,–,BCC10339 hydraulic unlatch kit switch | Cab switch and hydraulic coupling detail,16,In Stock,,/images/BCC10339.jpeg
LP-003,BCC10347,Additional Loader Lights – 603R/623R/643R/663R/683R,Tractor Parts,Loader Attachments,603R; 623R; 643R; 663R; 683R,LED lights mounted on loader arms for improved visibility during night operations.,LED; Loader arm mounted; Night visibility; Plug-and-play,Kit,EUR/GBP,–,–,BCC10347 loader lights LED | Night shot of illuminated loader arm,16,In Stock,,/images/BCC10347.jpeg
LP-004,BL15601,Return-To-Position System (RTP) – 6110R-6215R FT4,Tractor Parts,Loader Attachments,6110R-6215R FT4 w/o CommandARM,Enables repetitive loader tasks to be executed consistently and accurately.,Automated position memory; Consistent loader height; Productivity boost; Non-CommandARM models,Kit,EUR/GBP,–,–,BL15601 RTP kit | Loader arm returning to preset height,16,In Stock,,/images/BL15601.jpeg
CP-001,AXE23480,Crop Lifters – 600R / 700PF / 600X / 700X,Combine Parts,Platform,600R; 700PF; 600X; 700X,"Crop lifters for combining laying/down crops. Installed on knife guards, 3-position adjustment. Prevents cutterbar damage.",3-position adjustment; Protects cutterbar; Improves down-crop performance; Easy installation on knife guards,Each,EUR/GBP,–,–,AXE23480 green crop lifter | Close-up of crop lifter on header,17,In Stock,Replace when bent or damaged,/images/AXE23480.jpeg
CP-002,AXE37174,Welded Knife Guard – 600R / 600X / 700X / 700PF,Combine Parts,Platform,600R; 600X; 700X; 700PF,Welded knife guard. Properly serviced guards reduce power needs and fuel consumption.,Welded construction; Reduces fuel consumption; Superior surface treatment for wear; OEM fit,Each,EUR/GBP,–,–,AXE37174 welded knife guard green | Guard mounted on cutterbar,18,In Stock,"Replace when broken, bent or gap >5.4 mm",/images/AXE37174.jpeg
CP-003,Z93077,Knife Section Coarse Serrated 19T – 600R/600X/700X,Combine Parts,Platform,600R; 600X; 700X,Coarse serrated knife section (19 teeth per edge) for dry conditions. Computer-controlled hardening.,19 teeth per cutting edge; Coarse serrated; For dry conditions; Computer-hardened; Fast changeover,Box of 25,EUR/GBP,–,–,Z93077 box of knife sections | Knife section close-up showing serrations,18,In Stock,Up to 80% crop loss at header – use OEM knives,/images/Z93077.jpeg
CP-004,Z93078,Knife Section Fine Serrated 25T – 600R/600X/700X,Combine Parts,Platform,600R; 600X; 700X,"Fine serrated knife section (25 teeth per edge) for grass, linseed, small grain in green straw and weedy conditions.",25 teeth per cutting edge; Fine serrated; For grass/linseed/weedy; Computer-hardened,Box of 25,EUR/GBP,–,–,Z93078 fine knife section | 25-tooth section detail,18,In Stock,,/images/Z93078.jpeg
CP-005,KXE10306,Cutterbar Kit Coarse Serrated – 622X/722X,Combine Parts,Platform,622X; 722X,Complete cutterbar kit for 622X/722X – coarse serrated knives. Save time and money vs individual parts.,Complete kit; Coarse serrated; For 622X/722X; Time & cost saving,Kit,EUR/GBP,–,–,KXE10308 cutterbar kit box | Kit components laid out,18,In Stock,Also available in fine serrated,/images/KXE10306.jpeg
CP-006,AH214868,Auger Finger Kit (10 pcs) – 600R/600F/600X/700X,Combine Parts,Platform,600R; 600F; 600X; 700X,"Kit of 10 steel auger fingers with retainer and pins. Zone-hardened, high elasticity.",10 fingers with retainer & pins; Zone-hardened; High elasticity; Finger retainer prevents internal damage,Kit of 10,EUR/GBP,–,–,AH214868 auger finger kit | Steel fingers and retainer components,19,In Stock,Replace retainers to avoid internal damage,/images/AH214868.jpeg
CT-001,KXE10034,Threshing Element Normal Wear Grain – S-Series,Combine Parts,Threshing,S-Series (Variable Stream Rotor),"Variable stream rotor threshing element for standard grain, normal wear.",Variable stream rotor; Normal wear; Grain optimised; Package of 3,Pack of 3,EUR/GBP,–,–,KXE10034 threshing element | Rotor element close-up,21,In Stock,Check with rotor wear gauge,/images/KXE10034.jpeg
CT-002,AH205120,Chromed Rasp Bar Set RH – 95XX/W5X0/T5X0,Combine Parts,Threshing,95XX WTS; 9780CTS; W5X0; T5X0,Right-hand chromed rasp bar set (5 bars). Chrome treatment for higher durability than standard.,Chromed surface; Higher durability; 5-bar set; Right-hand side,Pack of 5,EUR/GBP,–,–,AH205120 chrome rasp bar set | Shiny chrome bars,21,In Stock,Replace when profile <6 mm thickness,/images/AH205120.jpeg
CB-001,HXE147321,Rotor Drive Belt Heavy Duty – S-Series MY12+,Combine Parts,Belts,S-Series MY12+ Heavy Duty,Heavy duty rotor drive belt. Unique rubber mix and aramid cords for longer life.,Heavy duty; Aramid cords; Extended service intervals; Up to 30% cost savings vs competitive belts,Each,EUR/GBP,–,–,HXE147321 heavy duty belt | Belt on plain background,23,In Stock,"Replace if ruptured, irregular noise or 3% elongation",/images/HXE147321.jpeg
CB-002,H174885,Feederhouse Drive Belt HD/HT – S-Series MY12+,Combine Parts,Belts,S-Series MY12+ (Heavy Duty and High Torque),Heavy Duty and High Torque feederhouse drive belt for S-Series combines.,Heavy Duty & High Torque; Aramid reinforced; OEM spec; S-Series,Each,EUR/GBP,–,–,H174885 feederhouse belt | Wide belt profile view,23,In Stock,,/images/H174885.jpeg
CK-001,Z103205,Premium Chopper Knife Serrated Rotary – W/T-Series,Combine Parts,Chopper Knives,9780CTS; 9000WTS; W/T-Series,Premium serrated rotary chopper knife. Zone-hardened and precision balanced for maximum chopping quality.,Premium grade; Serrated; Zone-hardened; Precision balanced; Reduced fuel; Better chopping,Each,EUR/GBP,–,–,Z103205 premium chopper knife yellow packaging | Knife with serrated edge,23,In Stock,Replace in pairs to maintain rotor balance,/images/Z103205.jpeg
CK-002,KXE10256,Straight Knife Set (8 pcs) – S-Series MY12+,Combine Parts,Chopper Knives,S-Series MY12+,Set of 8 straight chopper knives for S-Series combines.,8-knife set; Straight profile; S-Series; Zone-hardened; Balanced,Set of 8,EUR/GBP,–,–,KXE10256 straight knife set | Set of knives fanned out,23,In Stock,,/images/KXE10256.jpeg
RM-001,–,Remanufactured Turbocharger,Remanufactured Parts,Engine Components,Tractors; Combines; Sprayers; Forage Harvesters,"Remanufactured turbocharger. Failed parts replaced with OEM parts, tested to original specs. 1-year unlimited warranty.",Tested to OEM specs; 1-year unlimited warranty; OEM parts used; Environmentally friendly; Cost-efficient vs new,Exchange Unit,EUR/GBP,–,–,Reman turbocharger green John Deere Reman box | Turbocharger on workbench,27-28,Available on Order,Ask dealer for model-specific part number,
RM-002,–,Remanufactured Hydraulic Pump/Motor,Remanufactured Parts,Hydraulics,Tractors; Combines; Sprayers,Remanufactured hydraulic pump and motor. Tested to original performance specifications.,1-year unlimited warranty; OEM spec testing; Reduces downtime; Competitive pricing,Exchange Unit,EUR/GBP,–,–,Reman hydraulic pump green | Pump unit on plain background,28,Available on Order,Component exchange reduces machine downtime,/images/–.jpeg
RM-003,–,Remanufactured Complete Engine,Remanufactured Parts,Engine Components,Tractors; Combines; Sprayers; Forage Harvesters,"Complete remanufactured engine. 2-year or 2,000-hour warranty (unlimited hours in year 1).","2-year/2,000-hr warranty; Unlimited hours year 1; Latest performance enhancements; In stock ready to go",Exchange Unit,EUR/GBP,–,–,Reman complete engine green | Engine assembly overhead view,28,Available on Order,,/images/–.jpeg
BP-001,AFH202038,Bulk Belt 50m – All Round Balers,Baler Parts,Baler Belts,All Round Balers,50 m roll of bulk baler belt. Diamond tread. Most cost-efficient way to re-belt round balers. Priced per metre.,50 m roll; Diamond tread; Nylon/polyester fabric; 4-rubber-mat sealed; Vulcanised; Flat inside layer,Roll (50 m),EUR/GBP,–,–,AFH202038 bulk belt roll | Roll of baler belt on pallet,37,In Stock,Ask about belt fastener tools,/images/AFH202038.jpeg
BP-002,DC200782,Baler Belt Short 13.07m – 592/854/862/864,Baler Parts,Baler Belts,592; 854; 862; 864,"Pre-cut short baler belt 13.07 m for 592, 854, 862, 864 round balers. Quantity 2.",Pre-cut; 13.07 m; Diamond tread; 5-layer construction; Low heat build-up,Pack of 2,EUR/GBP,–,–,DC200782 baler belt short | Belt section coiled,37,In Stock,,/images/DC200782.jpeg
BP-003,CC131160,Pre-Cutter Knives 14/25 – 623/644/744,Baler Parts,Pre-Cutter,623; 644; 744,"Pre-cutter knives (14 or 25 per set) for 623, 644, 744 balers. Double-tempered for better resistance and high elasticity.",Double-tempered; High elasticity; Reduces torque loads by 30%; Up to 10% less fuel; Better resistance,Set,EUR/GBP,–,–,CC131160 pre-cutter knife set | Knives arranged in a row,38,In Stock,Replace when cracked or broken,/images/CC131160.jpeg
BP-004,CC25176,Round Baler Pick-Up Tooth 1.81m – 572/582/592/842/852/862,Baler Parts,Pick-Up,572; 582; 592; 842; 852; 862,"Pick-up tooth 1.81 m (48 per machine). 5-coil design, shot-peened, up to 47% longer wear life.",5-coil design; Shot-peened; 47% longer wear life; High picking efficiency; Avoids component damage,Pack of 48,EUR/GBP,–,–,CC25176 pick-up tooth set | Close-up of spring teeth,38,In Stock,,/images/CC25176.jpeg
CPK-001,–,John Deere XtraNet+ Netwrap,Baler Parts,Crop Packaging,All John Deere Round Balers,XtraNet+ netwrap designed specifically for John Deere balers. All-day trouble-free baling formula.,JD-specific design; Trouble-free baling; XtraNet+ formula; Reliable performance,Roll,EUR/GBP,–,–,XtraNet+ netwrap roll green yellow branding | Netwrap on baler,39,In Stock,Ask dealer for width and length options,/images/–.jpeg
CPK-002,MCXFA1871,Windrow Hay Moisture Tester (Before Baling),Baler Parts,Crop Packaging,Universal,Portable windrow moisture tester to check hay readiness before baling. No need to make a test bale first.,Pre-baling test; Portable; No test bale needed; Easy to use; Above 20% = quality decrease,Each,EUR/GBP,–,–,MCXFA1871 windrow moisture tester handheld | Tester in hand in field,39,In Stock,,/images/MCXFA1871.jpeg
CPK-003,MCXFA1872,Hay Moisture Tester After Baling – 45cm Probe,Baler Parts,Crop Packaging,Universal,Handheld probe tester (45 cm pistol-grip) for moisture after baling. Range 14–44%.,45 cm probe; Pistol-grip; 14-44% range; Post-baling check; Before barn storage,Each,EUR/GBP,–,–,MCXFA1872 hay moisture probe pistol grip | Probe being inserted into bale,39,In Stock,,/images/MCXFA1872.jpeg
SP-001,HXE93580,Feedroll Reversible Steel Bar Upper – 8100-8600,SPFH Parts,Feedroll,8100-8500 (-MY18); 8100-8600 (MY19+),Reversible steel bar for upper feed roll. Induction-hardened stainless steel. Non-ferrous for metal detection safety.,Reversible; Induction-hardened SS; Non-ferrous; Individually replaceable; 10 per roll,Pack of 10,EUR/GBP,–,–,HXE93580 feedroll steel bar | Bar close-up showing hardened surface,29,In Stock,Smooth crop mat = better silage quality,/images/HXE93580.jpeg
SP-002,HXE53568,Cutterhead Knife Grass Dura Line – 8100-8600,SPFH Parts,Cutterhead Knives,8100-8500 (-MY18); 8100-8600 (MY19+),Grass Dura Line cutterhead knife. Tungsten carbide coating. 33% wider coating than 7080 Series.,Dura Line; Tungsten carbide coating; 33% wider coat vs 7080; Longer wear; Lower engine demand; Stays sharper longer,Each,EUR/GBP,–,–,HXE53568 Dura Line grass knife | Knife showing tungsten coating,31,In Stock,40/48/56/64 per cutterhead rotor,/images/HXE53568.jpeg
SP-003,HXE53570,Cutterhead Knife Corn Dura Line – 8100-8600,SPFH Parts,Cutterhead Knives,8100-8500 (-MY18); 8100-8600 (MY19+),Corn Dura Line cutterhead knife. 41% wider coating than 7080 Series. Tungsten carbide.,Dura Line; Tungsten carbide; 41% wider coat vs 7080; Superior corn cutting; Low fuel demand,Each,EUR/GBP,–,–,HXE53570 Dura Line corn knife | Corn knife with carbide edge,31,In Stock,Order knife fixing parts separately,/images/HXE53570.jpeg
SP-004,HXE142406,Corn Shearbar Kit – 8100-8600,SPFH Parts,Shearbars,8100-8500 (-MY18); 8100-8600 (MY19+),Corn shearbar kit for 8000 series SPFH. Pivoting assembly maintains 0.2–0.4 mm constant cutting gap.,Corn optimised; Pivoting assembly; 0.2-0.4 mm cutting gap; Simplified design; Less Teflon strip cost,Kit,EUR/GBP,–,–,HXE142406 corn shearbar kit | Shearbar mounted in machine,30,In Stock,,/images/HXE142406.jpeg
SP-005,AXE17437,Sharpening Stone – 8000/9000 Series SPFH,SPFH Parts,Sharpening,8000; 9000 Series SPFH,Sintered corundum sharpening stone for SPFH. 450 grinding cycles. Display counter tells when to replace.,450 grinding cycles; Display counter; Sintered corundum; Always fits first time; Fast changeover,Each,EUR/GBP,–,–,AXE17437 sharpening stone brown | Stone on plain background,31,In Stock,,/images/AXE17437.jpeg
SPR-001,AKK41449,Retrofit Joystick for Electronic Hydraulic Valves,Sprayer Parts,Controls,M700(i); R900i; M900(i); R900i,User-friendly joystick replacement for electronic hydraulic valve sprayers. More comfortable and ergonomic.,Ergonomic design; Electronic hydraulic valve compatible; Direct replacement; Improved comfort,Each,EUR/GBP,–,–,AKK41449 joystick ergonomic black/orange | Joystick on plain background,42,In Stock,May require additional harness or software update,/images/AKK41449.jpeg
SPR-002,BWZ10079,Breakaway Protection Base Kit – M700(i)/R700i,Sprayer Parts,Boom Protection,M700(i); R700i,"Protects nozzles, nozzle bodies and boom components against field border damage.",Nozzle protection; Field border safe; Boom component protection; Base kit,Kit,EUR/GBP,–,–,BWZ10079 breakaway protection kit | Boom with protection guard,43,In Stock,Extension kit BWZ10082 available separately,/images/BWZ10079.jpeg
SPR-003,BWZ10054,Stainless Steel Basket – All Series,Sprayer Parts,Tank Accessories,All Series,Stainless steel basket with rinse nozzle for dissolving powders/granulates in eductor.,Stainless steel; Rinse nozzle; For powders & granulates; Tank lid fitting; Dissolves material in sieve,Each,EUR/GBP,–,–,BWZ10054 stainless eductor basket | Basket fitting in tank lid,43,In Stock,,/images/BWZ10054.jpeg
MP-001,AXE66451,StrongBox Battery 95Ah 900CCA GR31 – Combines/Mid Tractors,Maintenance Parts,Batteries,Combines; Mid Tractors,"StrongBox premium 12V battery, 95 Ah, 900 CCA, GR31 box. Factory-activated, ready to install.",95 Ah; 900 A CCA; GR31; 12V; Factory activated; Heavy & light duty; All weather,Each,EUR/GBP,–,–,AXE66451 StrongBox battery yellow-green | Battery on workbench,54,In Stock,330×172×238 mm,/images/AXE66451.jpeg
MP-002,AL175868,StrongBox Battery 110Ah 850CCA H9/LN6 – Utility/Mid Tractors,Maintenance Parts,Batteries,Utility and Mid Tractors,StrongBox 12V 110 Ah 850 CCA H9/LN6 battery.,110 Ah; 850 A CCA; H9/LN6; 12V; Factory activated,Each,EUR/GBP,–,–,AL175868 StrongBox H9 battery | Battery side label view,54,In Stock,394×175×190 mm,/images/AL175868.jpeg
MP-003,AL203840,StrongBox Battery 174Ah 1400CCA B – Mid Tractors/Combines/SPFH/Sprayer,Maintenance Parts,Batteries,Mid Tractors; Combines; SPFH; Sprayer,"Highest-capacity StrongBox battery, 174 Ah, 1,400 CCA, B box size.","174 Ah; 1,400 A CCA; B box; 12V; High-demand applications",Each,EUR/GBP,–,–,AL203840 StrongBox B-size large battery | Large battery unit,54,In Stock,513×223×223 mm,/images/AL203840.jpeg
LB-001,VC50002x020,Plus-50 II Engine Oil 15W40 20L,Maintenance Parts,Lubricants,All John Deere diesel engines incl. low emission,"Premium engine oil 15W40. ACEA E9/E7, API CK-4/CJ-4/SN. Extended drain up to 750 hours. Full fleet solution.",15W40; ACEA E9/E7; API CK-4/CJ-4/SN; Extended drain 750h; All temp; Full fleet,20 L Container,EUR/GBP,–,–,Plus-50 II 20L container green | Oil container with John Deere branding,56,In Stock,"Also available in 5L, 50/55L, 200/209L",/images/VC50002x020.jpeg
LB-002,VC81824-020,Hy-Gard Transmission Hydraulic Oil J20C 20L,Maintenance Parts,Lubricants,All John Deere tractors with JDM J20C spec,"Transmission/hydraulic oil. Exceeds JDM J20C. High pressure formulation, wide temperature viscosity.",JDM J20C; High pressure; Wide temp range; Peace-of-mind protection; RES10060 tested,20 L Container,EUR/GBP,–,–,Hy-Gard 20L container green | Oil container,57,In Stock,"Also in 5L, 50/55L, 200/209L, 1000L",/images/VC81824-020.jpeg
LB-003,VC76215-020,Cool-Gard II Coolant 50/50 Premix 20L,Maintenance Parts,Lubricants,All John Deere equipment; pumps; generators; on-road vehicles,"Ready-to-use 50/50 premix coolant. Extended drain up to 6 years/6,000 hours.","50/50 premix; 6-year/6,000-hr drain; Universal; On & off-road; Reduces cost of operation",20 L Container,EUR/GBP,–,–,Cool-Gard II 20L blue container | Coolant container,57,In Stock,"Also in 5L, 200L, 1000L",/images/VC76215-020.jpeg
LB-004,VC67009-004,Grease-Gard Premium Plus NLGI2 400g,Maintenance Parts,Lubricants,All John Deere equipment,"Top-of-line all-season lithium complex grease NLGI 2. For bearings, drive shafts, all moving parts. Suitable for central lubrication systems.",NLGI 2; ISO L-X-CDHB 2; Lithium complex; All-season; Central lube compatible; 400 g cartridge,400 g Cartridge,EUR/GBP,–,–,Grease-Gard Premium Plus 400g cartridge yellow-green | Cartridge close-up,58,In Stock,Also in 18 kg and 180 kg; Lube-Shuttle version available,/images/VC67009-004.jpeg
CH-001,MCBF26701,Fuel Protect Diesel Conditioner 1L,Chemicals,Fuel Additives,All diesel engines,"Fuel Protect conditioner prevents fuel system damage. Smoother starting, improved water tolerance, less exhaust smoke.",Prevents fuel system damage; Smoother start; Water tolerance; Less exhaust smoke; All-season formula,1 L Bottle,EUR/GBP,–,–,Fuel Protect 1L bottle | Bottle on plain background,58,In Stock,Also available 20L,/images/MCBF26701.jpeg
CH-002,MCB005,Penetrating Oil 500ml,Chemicals,Workshop Chemicals,Universal,Penetrating oil for loosening seized components. General purpose lubrication.,Penetrating; Loosens seized parts; General lubrication; 500 ml aerosol,500 ml Aerosol,EUR/GBP,–,–,MCB005 penetrating oil yellow aerosol | Aerosol can,59,In Stock,,/images/MCB005.jpeg
CH-003,MCB008,Brake & Parts Cleaner 600ml,Chemicals,Workshop Chemicals,Universal,Fast-drying brake and parts cleaner for degreasing components.,Fast drying; Degreases; Brake components; Parts cleaning; 600 ml,600 ml Aerosol,EUR/GBP,–,–,MCB008 brake cleaner red aerosol | Aerosol can close-up,59,In Stock,,/images/MCB008.jpeg
CH-004,MCB090,Corrosion Protect 500ml,Chemicals,Workshop Chemicals,Universal,Thick-film protective wax for long-term preservation of metal surfaces.,Thick-film wax; Long-term preservation; Corrosion barrier; 500 ml,500 ml Aerosol,EUR/GBP,–,–,MCB090 corrosion protect aerosol | Can with coating being sprayed,59,In Stock,,/images/MCB090.jpeg
GP-001,BUC10682,"WARN ProVantage 2,041 kg Winch – XUV835M/865M/865R",Gator Parts,Winches,XUV835M; XUV865M; XUV865R; XUV855M S4 MY17+; XUV855D S4 MY17+,"WARN ProVantage 4,500 lb (2,041 kg) winch kit for XUV835M, 865M and 865R Gator vehicles.","2,041 kg pull; WARN ProVantage; 4,500 lb rated; Recovery winch; XUV835M/865M/865R",Kit,EUR/GBP,–,–,BUC10682 WARN winch mounted on XUV | Winch on front of Gator,48,In Stock,,/images/BUC10682.jpeg
GP-002,BUC10138,Beacon Light – XUV835M/865M/865R,Gator Parts,Lighting,XUV835M; XUV865M; XUV865R,"Amber rotating/LED beacon light for XUV835M, 865M and 865R models.",Amber beacon; High visibility; Bolt mount; XUV835/865 specific,Each,EUR/GBP,–,–,BUC10138 amber beacon light orange | Beacon on Gator roof,47,In Stock,,/images/BUC10138.jpeg
GP-003,BM24812,Cargo Box Power Lift – XUV590/XUV550 S4,Gator Parts,Cargo,XUV590; XUV590 S4; XUV550 S4,Powered cargo box lift for XUV590 and 550 S4 models. Electrically raises and lowers cargo box.,Electric powered; Easy dumping; XUV590 & 550 S4; Bolt-on,Kit,EUR/GBP,–,–,BM24812 powered cargo lift | Cargo box lifting on Gator,46,In Stock,,/images/BM24812.jpeg
AC-001,VLC5802,CanBus DAB+ CD Radio Bluetooth USB AUX,Accessories,Radios,Universal – all John Deere machines with 12V,"CanBus-friendly DAB+ CD radio with Bluetooth, AUX input and USB. iPhone and Android compatible.",DAB+; CD; Bluetooth; AUX in; USB; CanBus friendly; iPhone & Android,Each,EUR/GBP,–,–,VLC5802 radio unit black | Radio installed in cab fascia,49,In Stock,,/images/VLC5802.png
AC-002,MCXFA2802,DMR Bluetooth DAB+ Radio Spotify Alexa,Accessories,Radios,Universal,DMR Bluetooth DAB+ radio with Spotify streaming and Amazon Alexa voice control.,DAB+; Bluetooth; Spotify; Alexa; iPhone & Android; DMR format,Each,EUR/GBP,–,–,MCXFA2802 smart radio unit | Radio with speaker grille,49,In Stock,,/images/MCXFA2802.png
AC-003,MCXFA1981,"Universal LED Light Bar 615mm 10,800 lm Flood",Accessories,Lighting,Universal,"615 mm LED light bar, 10,800 effective lumens, flood pattern. Universal fit.","10,800 eff. lumens; Flood; 615 mm; Universal mount; High output",Each,EUR/GBP,–,–,MCXFA1981 LED light bar 615mm | Bar on plain white background,51,In Stock,Installation kit MCXFA1984 sold separately,/images/MCXFA1981.jpeg
AC-004,MCXFA2351,Portable 12V Mini Fridge,Accessories,Cab Accessories,Universal – tractor/combine/vehicle cab,"Portable 12V mini fridge/warmer for cab. Dual cool/heat modes. Fits bottles, cans, food.",12V; Dual cool/heat; Portable; Cab-ready; Bottles & cans; Dual mode,Each,EUR/GBP,–,–,MCXFA2351 12v mini fridge black | Fridge unit with cord,50,In Stock,,/images/MCXFA2351.jpeg
AC-005,MCXFA1754,Wiper Blade 460mm (18 inch),Accessories,Wiper Blades,Universal,"Natural rubber wiper blade 460 mm (18""). Multi-fit adaptors included. Low noise and judder-free.",Natural rubber; 460 mm; Multi-fit; Low noise; Judder-free; Metal frame,Each,EUR/GBP,–,–,MCXFA1754 wiper blade | Blade on white background,50,In Stock,Also available: 510/530/560/610 mm,/images/MCXFA1754.png
HW-001,MCAK15244080,Cold Water High-Pressure Washer AC-200EC,High Pressure Washers,Cold Water,Agricultural buildings; Machinery,"3-phase 400V, 7.0 kW, 40-200 bar cold water washer. For stable and machinery cleaning.",3-phase 400V; 7.0 kW; 40-200 bar; Cold water; Stable & machinery cleaning; 467×407×1010 mm,Each,EUR/GBP,–,–,AC-200EC cold pressure washer green yellow wheels | Washer unit,61,Available on Order,Ask dealer for latest price,/images/MCAK15244080.jpeg
HW-002,MCAK10716310,Hot Water High-Pressure Washer AC-180EH,High Pressure Washers,Hot Water,Agricultural buildings; Machinery with oil/grease,"3-phase 400V, 8.4 kW, 30-180 bar hot water washer. Ideal for oil/grease removal from machinery.",3-phase 400V; 8.4 kW; 30-180 bar; Hot water; Oil & grease cleaning; 1330×750×1060 mm,Each,EUR/GBP,–,–,AC-180EH hot water washer large green unit | Washer at work on tractor,62,Available on Order,Hot water needs less detergent and lower pressure,/images/MCAK10716310.jpeg
